"","departamento","anio","proy","X1","X2","X3","X4","X5","X6","X7","X8","X9","X10","X11","X12","X13","X14","X15","X16","X17","X18","X19","X20","X21","X22","X23","X24","X25","X26","X27","X28","X29","X30","X31","X32","X33","X34","X35","X36","X37","X38","X39","X40","X41","X42","X43","X44","X45","X46","X47","acr_tecp","acr_tecn","acr_univ","acr_espe","acr_maes","acr_doct","cobertura","gra_tecp","gra_tecn","gra_univ","gra_espe","gra_maes","gra_doct","oficial","privada"
"1","AMAZONAS",2010,72017," 53","  0","  0","  2","  7"," 44","  0","  0","  0","  0","  0","  8","  4","  4","  7","  5","  0","  1","  1","  0","  0","  0"," 73"," 47","  0"," 26"," 40","  0","  0"," 18","  2"," 20"," 27"," 18","  7","  2","158"," 80","  1"," 49"," 16"," 10","  1","  1","366"," 16","382",0,4,19,0,0,0,0.133,0,0,1,3,13,0,1.029,117
"2","AMAZONAS",2011,72858," 50","  0","  1","  2","  7"," 40","  0","  0","  0","  0","  0","  9","  4","  5","  7","  5","  0","  1","  1","  0","  0","  0"," 80"," 52","  0"," 28"," 42","  0","  0"," 19","  2"," 21"," 28"," 19","  7","  2","173"," 87","  1"," 53"," 18"," 12","  1","  1","389"," 20","409",0,1,57,9,27,0,0.114,11,107,21,18,12,0,869,157
"3","AMAZONAS",2012,73699," 51","  0","  0","  2","  8"," 41","  0","  0","  0","  0","  0","  9","  4","  5","  7","  5","  0","  1","  1","  0","  0","  0"," 88"," 54","  0"," 34"," 42","  0","  1"," 18","  2"," 21"," 33"," 23","  8","  2","191"," 96","  1"," 58"," 21"," 13","  1","  1","421"," 22","443",0,0,65,4,27,0,0.103,53,56,22,3,5,0,833,80
"4","AMAZONAS",2013,74541," 52","  0","  0","  2"," 10"," 40","  0","  0","  0","  0","  0"," 10","  5","  5","  7","  5","  0","  1","  1","  0","  0","  0"," 96"," 60","  0"," 36"," 44","  0","  0"," 19","  2"," 23"," 34"," 24","  8","  2","210","106","  1"," 65"," 24"," 12","  1","  1","453"," 24","477",50,1,74,2,17,3,0.083,51,35,35,5,11,0,512,221
"5","AMAZONAS",2014,75388," 61","  0","  0","  2","  9"," 50","  0","  0","  0","  0","  0"," 10","  5","  5","  7","  5","  0","  1","  1","  0","  0","  0","100"," 62","  0"," 38"," 50","  0","  0"," 22","  3"," 25"," 38"," 26"," 10","  2","229","116","  1"," 69"," 28"," 13","  1","  1","495"," 28","523",50,1,66,2,14,6,0.074,0,74,31,3,7,0,419,237
"6","ANTIOQUIA",2010,6066003," 4495","  645"," 2201"," 1544","   89","   16"," 1718","   17","  749","  697","  255"," 9916"," 2161"," 7755"," 3981"," 2880","  151","  493","  457"," 5699"," 2701"," 2998"," 9700"," 6577","  915"," 2208"," 4297"," 2101","   90","  219","  260"," 1627","15526"," 3622"," 6015"," 5889","10124"," 3111"," 1665"," 1792"," 1617"," 1174","  179","  586","65456"," 5881","71337",532,22.284,78.01,4.908,2.983,610,0.41,1.726,5.683,15.594,5.408,821,57,158.484,87.395
"7","ANTIOQUIA",2011,6143809," 4859","  754"," 2354"," 1627","  103","   21"," 2434","   43"," 1155","  931","  305","10950"," 2206"," 8744"," 4427"," 3276","  166","  515","  470"," 7081"," 3532"," 3549","10813"," 7414","  984"," 2415"," 4508"," 2197","   60","  228","  310"," 1713","17165"," 4019"," 6398"," 6748","11014"," 3406"," 1820"," 1898"," 1766"," 1305","  184","  635","73251"," 7225","80476",620,18.666,81.142,5.2,3.618,694,0.444,1.296,13.873,17.745,6.268,1.09,92,171.881,96.863
"8","ANTIOQUIA",2012,6221817," 4874","  562"," 2471"," 1702","  114","   25"," 2985","   19"," 1432"," 1218","  316","11827"," 2475"," 9352"," 4748"," 3499","  198","  568","  483"," 7577"," 4138"," 3439","11366"," 7523"," 1117"," 2726"," 4659"," 2223","   53","  252","  331"," 1800","18664"," 4560"," 6845"," 7259","12105"," 3746"," 1997"," 2127"," 2020"," 1342","  192","  681","78805"," 7562","86367",184,18.412,93.643,5.103,3.761,784,0.454,1.764,16.335,20.15,7.535,1.508,103,171.91,102.543
"9","ANTIOQUIA",2013,6299990," 5206","  690"," 2592"," 1766","  132","   26"," 2853","   11"," 1553","  928","  361","12100"," 2643"," 9457"," 4849"," 3563","  224","  569","  493"," 9388"," 5119"," 4269","12279"," 8035"," 1212"," 3032"," 5347"," 2667","   59","  312","  365"," 1944","19900"," 4939"," 7307"," 7654","13326"," 4263"," 2199"," 2314"," 2261"," 1358","  207","  724","85248"," 7365","92613",705,23.775,103.091,5.986,4.348,958,0.488,1.466,19.4,19.159,7.259,1.422,96,180.477,113.988
"10","ANTIOQUIA",2014,6378132,"  5420","   761","  2520","  1924","   183","    32","  2645","    25","  1232","   927","   461"," 12330","  2763","  9567","  4845","  3541","   222","   580","   502"," 12511","  5938","  6573"," 13405","  8763","  1318","  3324","  5858","  2984","    69","   348","   419","  2038"," 21620","  5381","  7780","  8459"," 14535","  4657","  2435","  2507","  2534","  1405","   223","   774"," 93169","  8490","101659",419,23.122,105.756,5.923,4.675,1.129,0.51,553,17.892,19.995,6.825,1.814,87,183.233,122.452
"11","ARAUCA",2010,247541," 625","   0"," 274"," 312","  36","   3","3235","   0","3227","   0","   8","  64","  47","  17","  47","  30","   0","   9","   8"," 187","  96","  91"," 183","  83","   6","  94"," 101","  27","   1","   3","   2","  68"," 102","  50","  39","  13"," 427"," 233","   4"," 113","  48","  24","   0","   5","4971","  61","5032",0,0,0,0,0,0,0.127,45,0,65,0,0,0,2.068,1
"12","ARAUCA",2011,250569," 694","   0"," 316"," 339","  36","   3","4018","   0","4009","   0","   9","  75","  56","  19","  50","  32","   0","  10","   8"," 207"," 108","  99"," 204","  95","   6"," 103"," 103","  26","   1","   4","   2","  70"," 112","  56","  41","  15"," 467"," 256","   5"," 122","  50","  28","   0","   6","5930","  77","6007",0,0,0,0,0,0,0.149,130,142,71,0,0,0,1.474,2.179
"13","ARAUCA",2012,253565," 825","   0"," 390"," 389","  43","   3","3726","   0","3720","   0","   6","  79","  59","  20","  52","  33","   0","  10","   9"," 153","  49"," 104"," 217","  96","   6"," 115"," 102","  26","   1","   4","   2","  69"," 116","  57","  44","  15"," 517"," 280","   6"," 139","  57","  29","   0","   6","5787","  79","5866",0,0,0,0,0,0,0.163,16,173,159,0,0,0,1.75,2.259
"14","ARAUCA",2013,256527," 813","   0"," 363"," 401","  46","   3","3336","   0","3328","   0","   8","  84","  64","  20","  53","  34","   0","  10","   9"," 177","  54"," 123"," 237"," 102","   7"," 128"," 108","  27","   1","   4","   2","  74"," 122","  59","  47","  16"," 576"," 314","   6"," 155","  65","  30","   0","   6","5506","  88","5594",0,0,0,0,0,0,0.136,15,219,170,1,0,0,1.163,2.316
"15","ARAUCA",2014,259447," 837","   0"," 319"," 468","  47","   3","2464","   0","2455","   0","   9","  89","  69","  20","  55","  37","   0","   9","   9"," 244"," 132"," 112"," 254"," 108","   7"," 139"," 118","  31","   0","   5","   2","  80"," 133","  65","  51","  17"," 624"," 341","   6"," 165","  74","  32","   0","   6","4818"," 100","4918",0,2,19,10,0,0,0.116,3,279,281,40,0,0,959,2.042
"16","ATLANTICO",2010,2314460,"  465","    0","   68","  391","    5","    1","   55","    0","    0","    0","   55"," 3091"," 1121"," 1970"," 1444","  930","  124","  202","  188"," 1328","  819","  509"," 2822"," 1611","  388","  823"," 1743"," 1053","    5","  133","   96","  456"," 4336"," 1001"," 1682"," 1653"," 3440"," 1003","  467","  632","  664","  336","   25","  313","18724"," 2053","20777",0,448,10.745,1.348,666,33,0.379,483,746,7.358,2.041,222,0,28.214,55.55
"17","ATLANTICO",2011,2344077,"  472","    0","   75","  390","    5","    2","   60","    0","    0","    0","   60"," 3273"," 1185"," 2088"," 1440","  889","  127","  221","  203"," 1519","  888","  631"," 3153"," 1837","  415","  901"," 1773"," 1024","    2","  142","  117","  488"," 4664"," 1076"," 1782"," 1806"," 3819"," 1131","  513","  699","  736","  378","   25","  337","20173"," 2387","22560",0,517,12.821,1.373,801,47,0.402,422,2.808,7.722,2.324,336,2,34.91,55.146
"18","ATLANTICO",2012,2373550,"  492","    0","   79","  406","    5","    2","   81","    0","    0","    1","   80"," 3672"," 1365"," 2307"," 1537","  971","  134","  226","  206"," 2175"," 1377","  798"," 3382"," 1886","  480"," 1016"," 1888"," 1059","    2","  155","  140","  532"," 5108"," 1226"," 1905"," 1977"," 4173"," 1206","  563","  783","  848","  384","   27","  362","22508"," 2550","25058",725,511,17.299,1.284,598,22,0.42,1.654,2.615,8.104,2.853,611,7,36.612,56.774
"19","ATLANTICO",2013,2402910,"  487","    0","   79","  401","    5","    2","   90","    0","    0","    0","   90"," 3957"," 1508"," 2449"," 1780"," 1208","  147","  228","  197"," 2525"," 1581","  944"," 3641"," 2000","  518"," 1123"," 2077"," 1162","    2","  176","  166","  571"," 5422"," 1279"," 2031"," 2112"," 4602"," 1384","  609","  854","  940","  402","   28","  385","24581"," 2593","27174",216,533,17.973,1.404,774,52,0.495,823,2.605,8.644,2.536,505,11,47.247,63.643
"20","ATLANTICO",2014,2432003,"  538","    0","   97","  433","    6","    2","  116","    0","    0","    0","  116"," 4085"," 1602"," 2483"," 1985"," 1374","  158","  240","  213"," 3235"," 1918"," 1317"," 3932"," 2128","  565"," 1239"," 2262"," 1274","    2","  199","  172","  615"," 5881"," 1370"," 2169"," 2342"," 4962"," 1508","  653","  889"," 1052","  419","   29","  412","26996"," 2890","29886",1.565,1.875,25.391,557,854,80,0.568,576,3.099,7.888,2.256,554,4,54.493,71.648
"21","BOLIVAR",2010,1980012," 1102","    0","  562","  376","   19","  145","  750","    0","  474","  212","   64"," 5090","  199"," 4891","  722","  525","   57","   73","   67"," 1768","  814","  954"," 1981","  960","  147","  874"," 1450","  792","   20","  134","  171","  333"," 2500","  434","  741"," 1325"," 2952"," 1037","  161","  751","  557","  163","   47","  236","18315"," 3275","21590",213,2.76,5.76,194,0,0,0.28,344,935,3.325,636,22,2,26.756,27.353
"22","BOLIVAR",2011,2002531," 1134","    0","  587","  379","   21","  147"," 1165","    0","  826","  267","   72"," 6863","  220"," 6643","  751","  539","   59","   80","   73"," 1966","  843"," 1123"," 2174"," 1064","  156","  954"," 1514","  791","   13","  148","  198","  364"," 2711","  477","  786"," 1448"," 3189"," 1114","  182","  797","  609","  181","   48","  258","21467"," 4252","25719",193,3.738,10.257,64,5,0,0.325,389,2.572,3.378,1.003,20,1,32.623,31.526
"23","BOLIVAR",2012,2025573," 1241","    0","  621","  444","   24","  152"," 1132","    0","  863","  183","   86"," 6896","  232"," 6664","  803","  577","   67","   84","   75"," 2627"," 1319"," 1308"," 2349"," 1093","  181"," 1075"," 1583","  797","   12","  172","  213","  389"," 2851","  543","  831"," 1477"," 3593"," 1260","  204","  897","  726","  179","   50","  277","23075"," 4267","27342",658,5.855,10.894,102,25,0,0.329,270,3.513,4.586,1.339,55,3,32.361,33.255
"24","BOLIVAR",2013,2049109," 1295","    3","  604","  506","   29","  153"," 1075","    0","  889","   78","  108"," 8048","  250"," 7798","  856","  627","   72","   83","   74"," 3337"," 1705"," 1632"," 2594"," 1217","  196"," 1181"," 1737","  862","   11","  201","  235","  428"," 3128","  595","  874"," 1659"," 3986"," 1426","  227","  988","  803","  192","   55","  295","26056"," 4661","30717",1.265,7.843,18.356,1.193,262,55,0.357,556,3.585,4.952,1.364,114,1,35.807,36.927
"25","BOLIVAR",2014,2073004," 1419","    4","  607","  584","   30","  194","  704","    0","  504","   79","  121"," 7139","  233"," 6906","  872","  636","   81","   81","   74"," 4072"," 2419"," 1653"," 2793"," 1290","  212"," 1291"," 1901","  949","   14","  217","  259","  462"," 3370","  639","  921"," 1810"," 4356"," 1577","  248"," 1058","  898","  199","   60","  316","26626"," 3874","30500",1.222,7.709,19.483,1.142,237,73,0.356,282,3.346,4.228,1.168,69,5,35.904,37.1
"26","BOYACA",2010,1267652," 2364","   36"," 1441","  845","   26","   16"," 1827","  307"," 1339","    5","  176"," 1916","  497"," 1419","  735","  632","   31","   37","   35"," 1053","  641","  412"," 1702"," 1074","  155","  473"," 1039","  647","    2","    0","   48","  342"," 1305","  274","  451","  580"," 2339","  845","  204","  586","  334","  256","   54","   60","14280","  977","15257",0,1.794,19.497,1.269,385,44,0.396,834,264,3.367,2.46,41,5,37.952,7.56
"27","BOYACA",2011,1269405," 2567","   42"," 1608","  872","   29","   16"," 2810","  358"," 2253","    5","  194"," 2378","  510"," 1868","  873","  760","   33","   42","   38"," 1217","  731","  486"," 1838"," 1164","  162","  512"," 1180","  760","    2","    0","   58","  360"," 1475","  302","  485","  688"," 2508","  901","  191","  618","  359","  320","   55","   64","16846"," 1249","18095",0,1.655,23.062,1.345,669,28,0.423,106,1.88,3.885,4.048,119,1,39.129,11.914
"28","BOYACA",2012,1271133," 2602","   29"," 1540","  985","   31","   17"," 2920","  322"," 2408","    7","  183"," 2526","  500"," 2026","  886","  761","   38","   47","   40"," 1445","  931","  514"," 1933"," 1181","  180","  572"," 1164","  750","    0","    0","   60","  354"," 1580","  332","  517","  731"," 2755"," 1002","  228","  676","  404","  319","   58","   68","17811"," 1276","19087",21,1.589,26.052,1.65,721,84,0.462,780,2.158,4.127,3.649,137,4,41.379,14.727
"29","BOYACA",2013,1272855," 2900","   38"," 1860","  952","   34","   16"," 2831","  296"," 2337","    6","  192"," 2584","  518"," 2066","  912","  777","   43","   50","   42"," 1536","  907","  629"," 2074"," 1252","  194","  628"," 1577"," 1125","    2","    0","   65","  385"," 1677","  357","  547","  773"," 2921"," 1103","  254","  697","  441","  292","   62","   72","19012"," 1203","20215",579,1.703,23.799,1.122,873,96,0.487,365,2.288,4.19,3.725,169,2,43.304,17.701
"30","BOYACA",2014,1274615," 3213","   44"," 2136","  975","   37","   21"," 2685","  168"," 2285","    5","  227"," 2713","  514"," 2199","  999","  880","   40","   44","   35"," 1814"," 1064","  750"," 2253"," 1361","  210","  682"," 1736"," 1263","    1","    0","   68","  404"," 1791","  382","  580","  829"," 3175"," 1232","  275","  739","  481","  304","   66","   78","20379"," 1365","21744",1.107,1.743,27.988,1.582,1.205,99,0.508,446,2.553,4.476,6.296,191,3,45.127,15.236
"31","CALDAS",2010,978342,"1055"," 423"," 352"," 221","  49","  10","  70","   0","   0","  45","  25","1190"," 394"," 796"," 538"," 405","  30","  54","  49"," 765"," 465"," 300"," 838"," 364"," 124"," 350"," 543"," 253","   0","   3","  74"," 213","1418"," 314"," 410"," 694","1517"," 545"," 101"," 326"," 258"," 222","  33","  32","7934"," 658","8592",1,1.903,18.071,515,666,76,0.351,65,509,3.056,2.303,403,9,25.614,10.075
"32","CALDAS",2011,980267,"1148"," 486"," 367"," 233","  51","  11","  91","   0","   0","  63","  28","1130"," 421"," 709"," 567"," 433","  30","  54","  50"," 844"," 486"," 358"," 908"," 398"," 131"," 379"," 567"," 260","   0","   4","  84"," 219","1476"," 328"," 438"," 710","1620"," 582"," 103"," 345"," 276"," 247","  33","  34","8351"," 719","9070",50,2.378,17.971,343,806,101,0.372,176,2.049,2.549,1.662,317,16,25.845,11.681
"33","CALDAS",2012,982207,"1002"," 346"," 372"," 216","  57","  11"," 107","   0","   0","  79","  28","1195"," 461"," 734"," 552"," 414","  35","  51","  52"," 914"," 417"," 497"," 976"," 405"," 147"," 424"," 571"," 254","   0","   3","  88"," 226","1564"," 355"," 465"," 744","1768"," 629"," 116"," 385"," 312"," 255","  35","  36","8649"," 737","9386",45,2.246,18.711,392,778,124,0.402,840,2.02,3.687,1.874,637,22,27.114,12.109
"34","CALDAS",2013,984115," 1060","  386","  379","  226","   57","   12","   98","    0","    0","   66","   32"," 1271","  512","  759","  575","  444","   31","   50","   50"," 1096","  571","  525"," 1055","  431","  159","  465","  616","  273","    0","    3","   98","  242"," 1674","  376","  490","  808"," 1973","  744","  126","  416","  347","  264","   38","   38"," 9418","  663","10081",750,2.423,18.399,435,799,154,0.445,785,2.192,3.537,1.235,925,24,28.303,14.085
"35","CALDAS",2014,986042," 1210","  433","  459","  244","   58","   16","  106","    0","    0","   69","   37"," 1324","  520","  804","  621","  478","   31","   57","   55"," 1276","  744","  532"," 1133","  451","  174","  508","  660","  301","    0","    3","  106","  250"," 1762","  418","  516","  828"," 2095","  782","  135","  438","  384","  274","   41","   41","10187","  812","10999",1.489,2.061,19.848,496,953,183,0.485,542,2.825,3.214,1.14,637,28,29.975,15.067
"36","CAQUETA",2010,447767," 326","  12","  85"," 200","  19","  10","   8","   0","   0","   0","   8","  84","  53","  31","  45","  28","   2","   8","   7"," 223","  72"," 151"," 274"," 105","  15"," 154"," 173","  44","   3","   6","   2"," 118"," 195","  58","  75","  62"," 880"," 511","  13"," 194"," 108","  35","  10","   9","2208","  91","2299",0,0,1.18,0,0,0,0.191,23,20,929,166,9,0,8.443,371
"37","CAQUETA",2011,453588," 371","  17"," 100"," 224","  20","  10","   9","   0","   0","   0","   9","  93","  60","  33","  49","  31","   2","   9","   7"," 234","  54"," 180"," 299"," 117","  15"," 167"," 180","  42","   2","   8","   2"," 126"," 209","  61","  81","  67"," 942"," 546","  12"," 210"," 115","  38","  11","  10","2386"," 110","2496",0,0,1.295,0,0,0,0.206,106,154,795,77,12,0,9.328,426
"38","CAQUETA",2012,459515," 406","  13"," 102"," 257","  24","  10","  15","   0","   0","   0","  15"," 100","  66","  34","  51","  33","   4","   8","   6"," 429"," 170"," 259"," 325"," 120","  16"," 189"," 178","  41","   2","   8","   2"," 125"," 228","  68","  87","  73","1062"," 613","  15"," 239"," 133","  40","  11","  11","2794"," 118","2912",0,0,1.72,0,0,0,0.201,76,224,836,153,39,0,9.373,306
"39","CAQUETA",2013,465487," 399","  13","  91"," 258","  27","  10","  17","   0","   0","   0","  17"," 101","  69","  32","  54","  36","   4","   8","   6"," 518"," 128"," 390"," 361"," 133","  17"," 211"," 195","  42","   5","  10","   2"," 136"," 246","  76","  90","  80","1184"," 695","  15"," 257"," 149","  45","  11","  12","3075"," 128","3203",0,0,1.194,0,0,0,0.209,69,271,924,199,33,0,9.835,337
"40","CAQUETA",2014,471541," 444","  15","  93"," 296","  27","  13","  18","   0","   0","   0","  18"," 104","  73","  31","  58","  38","   4","   9","   7"," 543","  81"," 462"," 389"," 142","  19"," 228"," 207","  46","   3","  11","   2"," 145"," 269","  81","  96","  92","1334"," 809","  17"," 273"," 164","  47","  11","  13","3366"," 144","3510",0,0,1.545,0,0,0,0.223,33,203,829,110,18,0,10.562,347
"41","CASANARE",2010,325621," 850","   5"," 300"," 536","   5","   4","6008","   0","5979","   0","  29"," 214"," 153","  61"," 105","  76","   9","  11","   9"," 578"," 277"," 301"," 406"," 280","  16"," 110"," 327"," 176","   2","  44","  18","  87"," 261"," 107","  64","  90"," 579"," 267","  11"," 160","  81","  28","   3","  29","9328"," 159","9487",0,167,327,0,0,0,0.238,0,29,343,2,0,0,5.234,2.895
"42","CASANARE",2011,331734,"  985","    7","  395","  574","    5","    4"," 9832","    0"," 9805","    0","   27","  262","  186","   76","  128","   98","   10","   10","   10","  526","  175","  351","  439","  301","   17","  121","  334","  165","    2","   49","   25","   93","  279","  110","   69","  100","  631","  288","   14","  172","   92","   31","    4","   30","13416","  199","13615",0,111,227,0,0,0,0.266,10,381,248,2,0,0,5.321,3.955
"43","CASANARE",2012,337886," 1160","    4","  498","  649","    5","    4","10778","    0","10749","    0","   29","  258","  187","   71","  155","  122","   12","   10","   11","  612","  180","  432","  473","  317","   19","  137","  336","  158","    1","   53","   30","   94","  314","  132","   73","  109","  712","  328","   16","  193","  108","   31","    4","   32","14798","  207","15005",0,82,873,0,0,0,0.285,3,329,333,24,0,0,5.352,4.677
"44","CASANARE",2013,344040," 1174","    4","  491","  670","    5","    4","11120","    0","11096","    0","   24","  252","  181","   71","  174","  143","    9","   11","   11","  470","   77","  393","  525","  349","   22","  154","  365","  169","    1","   62","   31","  102","  340","  144","   78","  118","  818","  392","   17","  218","  120","   33","    4","   34","15238","  210","15448",0,47,1.092,7,17,0,0.247,0,461,394,60,0,0,3.814,5.026
"45","CASANARE",2014,350239," 1063","    3","  528","  522","    5","    5","10362","    0","10320","    0","   42","  263","  199","   64","  187","  156","    9","   11","   11","  819","  418","  401","  570","  380","   23","  167","  421","  211","    1","   69","   30","  110","  363","  155","   82","  126","  889","  422","   19","  234","  138","   36","    4","   36","14937","  232","15169",0,42,1.186,17,26,0,0.261,30,489,588,62,0,0,3.583,5.891
"46","CAUCA",2010,1319120," 850"," 316"," 248"," 187","  89","  10"," 102","   1","  39","  38","  24","1388"," 499"," 889"," 283"," 233","   3","  25","  22"," 624"," 488"," 136"," 702"," 194","  61"," 447"," 373"," 123","   4","   2","  25"," 219","1212"," 183"," 215"," 814","1933"," 686"," 113"," 596"," 358"," 123","  22","  35","7467"," 701","8168",0,0,3.316,0,0,0,0.266,1,223,2.02,407,15,1,27.505,7.326
"47","CAUCA",2011,1330756," 969"," 380"," 273"," 209","  97","  10"," 136","   2","  55","  53","  26","1444"," 556"," 888"," 308"," 255","   4","  26","  23"," 646"," 478"," 168"," 770"," 221","  61"," 488"," 379"," 120","   2","   3","  28"," 226","1317"," 198"," 230"," 889","2117"," 754"," 118"," 647"," 390"," 147","  24","  37","8086"," 793","8879",0,42,4.414,0,0,0,0.267,26,1.667,2.227,410,39,0,26.782,9.049
"48","CAUCA",2012,1342650," 916"," 277"," 294"," 229"," 106","  10"," 236","   1","  57"," 139","  39","1608"," 513","1095"," 307"," 245","  11","  28","  23","1006"," 810"," 196"," 846"," 230","  69"," 547"," 395"," 120","   2","   3","  29"," 241","1458"," 226"," 243"," 989","2355"," 826"," 126"," 731"," 452"," 154","  27","  39","9127"," 831","9958",0,64,5.85,0,0,0,0.24,42,2.513,2.348,389,26,4,22.852,9.29
"49","CAUCA",2013,1354733," 1035","  389","  307","  221","  108","   10","  270","    1","   57","  156","   56"," 1740","  515"," 1225","  319","  247","   16","   31","   25"," 1583"," 1326","  257","  931","  248","   74","  609","  435","  128","    2","    3","   31","  271"," 1602","  251","  257"," 1094"," 2612","  946","  140","  807","  498","  152","   28","   41","10527","  740","11267",0,262,14.786,309,253,79,0.274,22,2.077,2.398,571,30,7,27.625,9.977
"50","CAUCA",2014,1366984," 1155","  439","  334","  256","  113","   13","  257","    1","   57","  140","   59"," 1733","  529"," 1204","  371","  301","   16","   30","   24"," 1684"," 1396","  288"," 1010","  261","   82","  667","  470","  141","    3","    3","   34","  289"," 1765","  282","  270"," 1213"," 2822"," 1035","  147","  854","  552","  159","   31","   44","11267"," 1032","12299",0,299,15.29,436,380,88,0.291,48,2.307,2.46,493,36,4,28.729,11.6
"51","CESAR",2010,966450," 1052","   65","  449","  523","   13","    2"," 4269"," 4133","  117","    0","   19","  398","  257","  141","  340","  265","   29","   24","   22","  497","  303","  194","  817","  446","   39","  332","  566","  324","    4","   46","   49","  143","  742","  165","  210","  367"," 1495","  549","   95","  405","  254","   84","   17","   91","10176","  341","10517",0,0,763,90,0,0,0.216,54,44,1.836,200,1,1,18.517,2.973
"52","CESAR",2011,979054," 1156","   84","  530","  527","   13","    2"," 5934"," 5692","  222","    0","   20","  429","  269","  160","  394","  316","   31","   25","   22","  537","  314","  223","  916","  510","   43","  363","  558","  296","    3","   51","   56","  152","  834","  208","  226","  400"," 1639","  605","  108","  432","  287","   92","   16","   99","12397","  389","12786",0,0,754,65,0,0,0.25,23,836,2.368,111,0,0,21.774,3.614
"53","CESAR",2012,991584," 1183","   71","  582","  515","   13","    2"," 5981"," 5721","  232","    0","   28","  430","  258","  172","  411","  328","   35","   25","   23","  776","  508","  268","  986","  527","   50","  409","  573","  294","    4","   55","   57","  163","  872","  202","  242","  428"," 1848","  669","  117","  509","  333","   96","   17","  107","13060","  391","13451",0,0,1.697,68,0,0,0.265,40,928,2.14,401,8,2,22.769,4.292
"54","CESAR",2013,1004058," 1130","   92","  511","  512","   13","    2"," 5150"," 4891","  235","    0","   24","  442","  262","  180","  411","  319","   41","   26","   25","  681","  412","  269"," 1083","  572","   54","  457","  628","  319","    3","   62","   61","  183","  943","  223","  256","  464"," 2057","  763","  129","  565","  367","  100","   19","  114","12525","  372","12897",0,2,1.878,43,0,0,0.289,39,1.025,2.012,282,9,0,24.1,5.474
"55","CESAR",2014,1016533," 1274","  104","  561","  591","   15","    3"," 4868"," 4487","  356","    0","   25","  489","  320","  169","  467","  374","   47","   24","   22","  687","  415","  272"," 1172","  610","   60","  502","  705","  368","    4","   71","   64","  198"," 1051","  240","  273","  538"," 2254","  847","  141","  609","  410","  105","   20","  122","12967","  464","13431",0,4,1.936,16,0,0,0.302,27,1.265,1.841,260,9,0,25.29,5.809
"56","CHOCO",2010,476149," 323","   1"," 104","  61"," 146","  11"," 994","   0","   0"," 990","   4","  36","  14","  22","  30","  28","   0","   1","   1"," 100","  23","  77"," 211","  48","   2"," 161"," 100","  10","   4","  10","   3","  73","  85","  37","  45","   3"," 776"," 347","   6"," 279","  99","  22","  10","  13","2655","  55","2710",0,0,0,13,0,0,0.258,1,4,1.123,243,4,0,13.846,667
"57","CHOCO",2011,480820," 353","   1"," 127","  62"," 154","   9","1470","   0","   0","1466","   4","  39","  15","  24","  33","  31","   0","   1","   1"," 115","  30","  85"," 231","  54","   2"," 175"," 102","   9","   3","  11","   3","  76","  90","  40","  47","   3"," 797"," 330","   6"," 308"," 105","  25","   9","  14","3230","  69","3299",0,0,0,9,0,0,0.241,0,211,1.675,54,5,0,12.52,1.194
"58","CHOCO",2012,485543," 374","   1"," 111","  68"," 184","  10","1209","   0","   0","1205","   4","  40","  15","  25","  35","  33","   0","   1","   1"," 131","  37","  94"," 253","  54","   2"," 197"," 108","   8","   2","  11","   3","  84"," 100","  47","  50","   3"," 891"," 371","   5"," 336"," 127","  26","  11","  15","3141","  75","3216",0,0,169,11,0,0,0.237,148,377,1.585,240,6,0,12.074,1.471
"59","CHOCO",2013,490317," 401","   1"," 106","  70"," 214","  10"," 634","   0","   0"," 629","   5","  40","  15","  25","  36","  34","   0","   1","   1"," 175","  48"," 127"," 277","  56","   2"," 219"," 117","   9","   3","  13","   3","  89"," 105","  48","  54","   3","1029"," 458","   6"," 373"," 140","  25","  11","  16","2814","  86","2900",134,0,210,16,0,0,0.235,133,267,1.214,188,10,0,11.831,1.272
"60","CHOCO",2014,495151," 440","   1"," 130","  81"," 215","  13"," 461","   0","   0"," 454","   7","  41","  17","  24","  39","  37","   0","   1","   1"," 202","  52"," 150"," 302","  59","   2"," 241"," 125","   8","   4","  14","   4","  95"," 115","  56","  56","   3","1059"," 447","   6"," 400"," 151","  26","  12","  17","2784"," 100","2884",150,0,274,47,0,0,0.239,0,247,1.608,117,14,0,11.611,1.611
"61","CORDOBA",2010,1582784," 1598","    0","  767","  764","   34","   33"," 1573","   12","    1"," 1537","   23","  346","  187","  159","  432","  368","   31","   17","   16","  530","  218","  312"," 1150","  569","   41","  540","  549","  222","   37","   23","   42","  225"," 1385","  243","  280","  862"," 2134","  720","   75","  701","  443","  116","    4","   75"," 9697","  361","10058",0,0,5.379,151,0,0,0.17,121,94,1.98,106,11,0,16.078,11.308
"62","CORDOBA",2011,1607519," 1635","    0","  769","  797","   36","   33"," 1265","   40","    2"," 1196","   27","  374","  205","  169","  445","  376","   33","   19","   17","  681","  318","  363"," 1275","  638","   44","  593","  528","  184","   33","   25","   48","  238"," 1497","  270","  299","  928"," 2360","  800","   77","  743","  521","  134","    4","   81","10060","  440","10500",0,0,6.064,309,0,0,0.181,171,538,1.859,72,6,0,16.58,13.76
"63","CORDOBA",2012,1632637," 1652","    0","  853","  725","   41","   33"," 1307","   29","    9"," 1230","   39","  377","  201","  176","  468","  398","   33","   20","   17"," 1088","  580","  508"," 1368","  646","   50","  672","  559","  201","   26","   24","   49","  259"," 1615","  304","  317","  994"," 2663","  871","   89","  868","  603","  140","    4","   88","11097","  462","11559",0,0,5.775,299,0,0,0.198,160,545,2.487,169,8,0,18.156,14.999
"64","CORDOBA",2013,1658067," 1612","    0","  817","  715","   47","   33","  947","    2","   11","  893","   41","  399","  215","  184","  491","  415","   39","   20","   17"," 1191","  559","  632"," 1490","  684","   54","  752","  683","  290","   26","   28","   52","  287"," 1749","  332","  334"," 1083"," 3015"," 1019","   96","  990","  662","  149","    5","   94","11577","  511","12088",99,53,6.503,0,19,0,0.22,233,766,3.507,455,51,0,20.395,16.524
"65","CORDOBA",2014,1683782," 1793","    0","  890","  813","   48","   42","  921","   13","   11","  856","   41","  412","  227","  185","  524","  440","   43","   22","   19"," 1163","  539","  624"," 1625","  737","   59","  829","  747","  315","   32","   33","   57","  310"," 1956","  358","  353"," 1245"," 3352"," 1200","  106"," 1051","  737","  153","    5","  100","12493","  580","13073",97,35,10.067,293,65,0,0.231,183,937,3.182,638,66,0,21.199,17.784
"66","CUNDINAMARCA",2010,2477036," 4027","  181"," 2178"," 1622","   30","   16","  377","  236","   41","    0","  100"," 5985"," 2256"," 3729"," 1503"," 1273","   54","   91","   85"," 1215","  806","  409"," 3441"," 1918","  629","  894"," 1704","  667","   21","    0","  271","  745"," 2712","  320","  482"," 1910"," 3838"," 1722","  304","  791","  555","  358","   29","   79","24802"," 3216","28018",0,3.38,6.577,1.615,560,14,0.211,805,1.614,2.218,1.084,210,0,40.618,12.642
"67","CUNDINAMARCA",2011,2517215," 4167","  196"," 2232"," 1690","   32","   17","  586","  399","   56","    0","  131"," 6491"," 2519"," 3972"," 1598"," 1355","   57","   97","   89"," 2024"," 1535","  489"," 3722"," 2097","  642","  983"," 1817","  700","   13","    0","  317","  787"," 2959","  355","  516"," 2088"," 4228"," 1887","  358","  849","  614","  403","   32","   85","27592"," 3870","31462",0,1.121,6.944,1.788,687,9,0.204,92,5.764,2.421,981,194,0,39.016,13.305
"68","CUNDINAMARCA",2012,2557623," 4094","  137"," 2121"," 1783","   35","   18","  410","  208","   60","    0","  142"," 7006"," 2890"," 4116"," 1800"," 1548","   59","  102","   91"," 2569"," 1979","  590"," 4050"," 2209","  728"," 1113"," 1873","  691","   10","    0","  358","  814"," 3170","  401","  546"," 2223"," 4641"," 2030","  387","  966","  713","  417","   36","   92","29613"," 4082","33695",0,1.419,8.413,1.452,697,13,0.226,2.165,5.293,2.544,1.265,290,0,42.192,15.52
"69","CUNDINAMARCA",2013,2598245," 4180","  170"," 2148"," 1807","   37","   18","  491","  261","   59","    0","  171"," 7173"," 3053"," 4120"," 1890"," 1631","   62","  106","   91"," 3326"," 2628","  698"," 4412"," 2386","  784"," 1242"," 2132","  855","   12","    0","  393","  872"," 3321","  437","  575"," 2309"," 5026"," 2229","  421"," 1034","  796","  411","   37","   98","31951"," 3967","35918",817,450,8.947,1.221,622,13,0.261,1.758,5.784,3.018,991,352,0,46.789,19.161
"70","CUNDINAMARCA",2014,2639059," 4568","  186"," 2370"," 1945","   43","   24","  421","  226","   26","    0","  169"," 7452"," 3111"," 4341"," 2016"," 1747","   57","  113","   99"," 3330"," 2639","  691"," 4775"," 2552","  856"," 1367"," 2310","  974","   13","    0","  406","  917"," 3612","  492","  608"," 2512"," 5593"," 2585","  456"," 1097","  882","  429","   40","  104","34077"," 4264","38341",1.23,2.988,9.57,1.424,1.347,14,0.29,644,7.033,2.599,1.203,278,2,52.051,21.451
"71","GUAINIA",2010,38328," 12","  0","  7","  0","  2","  3","  1","  0","  0","  1","  0","  4","  2","  2","  2","  2","  0","  0","  0"," 21"," 19","  2"," 21","  8","  0"," 13"," 11","  0","  0","  1","  0"," 10"," 12","  9","  2","  1"," 92"," 46","  0"," 29"," 10","  7","  0","  0","176","  7","183",0,1,30,0,0,0,0.115,0,0,5,0,0,0,519,2
"72","GUAINIA",2011,38949," 10","  0","  3","  1","  2","  4","  1","  0","  0","  1","  0","  4","  2","  2","  2","  2","  0","  0","  0"," 21"," 19","  2"," 22","  8","  0"," 14"," 12","  0","  0","  2","  0"," 10"," 12","  9","  2","  1","100"," 48","  0"," 32"," 11","  9","  0","  0","184","  9","193",0,0,19,0,0,0,0.116,3,16,0,0,0,0,529,32
"73","GUAINIA",2012,39574," 10","  0","  3","  1","  2","  4","  6","  0","  0","  6","  0","  4","  2","  2","  2","  2","  0","  0","  0"," 25"," 23","  2"," 26","  9","  0"," 17"," 12","  0","  0","  2","  0"," 10"," 15"," 12","  2","  1","109"," 53","  0"," 37"," 11","  8","  0","  0","209"," 10","219",0,0,121,0,0,0,0.113,2,110,15,0,0,0,537,5
"74","GUAINIA",2013,40203," 11","  0","  3","  1","  3","  4","  6","  0","  0","  6","  0","  4","  2","  2","  2","  2","  0","  0","  0"," 28"," 26","  2"," 28"," 10","  0"," 18"," 12","  0","  0","  1","  0"," 11"," 16"," 13","  2","  1","122"," 63","  0"," 40"," 13","  6","  0","  0","229"," 11","240",0,0,132,0,0,0,0.089,6,81,9,2,0,0,437,6
"75","GUAINIA",2014,40839," 12","  0","  2","  1","  4","  5","  5","  0","  0","  5","  0","  4","  2","  2","  2","  2","  0","  0","  0"," 30"," 29","  1"," 29"," 11","  0"," 18"," 14","  0","  0","  2","  0"," 12"," 17"," 13","  3","  1","124"," 63","  0"," 39"," 15","  7","  0","  0","237"," 13","250",0,0,127,0,0,0,0.103,0,67,5,2,0,0,447,55
"76","GUAVIARE",2010,103307," 33","  0"," 24","  5","  4","  0","  2","  0","  0","  0","  2"," 11","  4","  7","  7","  6","  0","  1","  0"," 53","  0"," 53"," 81"," 44","  1"," 36"," 35","  5","  0","  5","  0"," 25"," 26"," 16","  8","  2","216","116","  0"," 57"," 24"," 15","  0","  4","464"," 17","481",0,0,0,0,0,0,0.128,0,10,81,0,0,0,1.464,0
"77","GUAVIARE",2011,104846," 28","  0"," 18","  6","  4","  0","  2","  0","  0","  0","  2"," 12","  4","  8","  9","  8","  0","  1","  0"," 60","  0"," 60"," 90"," 50","  1"," 39"," 38","  5","  1","  5","  0"," 27"," 27"," 17","  8","  2","229","126","  0"," 56"," 25"," 17","  0","  5","495"," 21","516",0,0,0,0,0,0,0.117,2,88,6,2,0,0,1.367,0
"78","GUAVIARE",2012,106386," 33","  0"," 24","  5","  4","  0","  2","  0","  0","  0","  2"," 12","  4","  8","  8","  7","  0","  1","  0"," 68","  0"," 68"," 95"," 49","  1"," 45"," 38","  5","  1","  5","  0"," 27"," 32"," 21","  9","  2","251","138","  0"," 63"," 28"," 16","  1","  5","539"," 22","561",0,0,97,0,0,0,0.147,3,121,17,3,0,0,1.732,27
"79","GUAVIARE",2013,107934," 36","  0"," 26","  6","  4","  0","  2","  0","  0","  0","  2"," 12","  4","  8","  9","  7","  0","  1","  1"," 71","  0"," 71","101"," 51","  1"," 49"," 41","  5","  1","  6","  0"," 29"," 35"," 23"," 10","  2","276","157","  0"," 68"," 30"," 15","  1","  5","583"," 25","608",0,0,80,0,0,0,0.171,0,242,25,17,0,0,1.981,60
"80","GUAVIARE",2014,109490," 37","  0"," 28","  5","  4","  0","  2","  0","  0","  0","  2"," 12","  4","  8"," 10","  8","  0","  1","  1"," 86","  0"," 86","109"," 55","  1"," 53"," 42","  6","  1","  6","  0"," 29"," 36"," 23"," 11","  2","297","171","  0"," 71"," 33"," 16","  1","  5","631"," 28","659",0,0,89,0,0,0,0.151,0,147,12,22,0,0,1.771,53
"81","HUILA",2010,1083189,"1477"," 606"," 571"," 217","  16","  67","1794","   0","1745","   1","  48"," 376"," 167"," 209"," 359"," 262","  33","  33","  31","1368"," 317","1051"," 942"," 481","  84"," 377"," 769"," 496","   2","   7","  67"," 197"," 825"," 214"," 288"," 323","1591"," 597","  88"," 412"," 213"," 114"," 117","  50","9501"," 303","9804",0,0,4.014,0,32,0,0.258,134,160,1.561,445,0,0,19.836,8.663
"82","HUILA",2011,1097584," 1707","  778","  615","  226","   18","   70"," 2379","    0"," 2319","    1","   59","  413","  177","  236","  447","  347","   36","   34","   30"," 1691","  467"," 1224"," 1055","  552","   89","  414","  930","  639","    1","    9","   77","  204","  892","  231","  308","  353"," 1712","  628","  100","  452","  234","  123","  122","   53","11226","  368","11594",0,0,4.252,0,26,0,0.271,172,1.284,2.137,666,31,0,20.69,9.89
"83","HUILA",2012,1111947," 1462","  583","  582","  206","   21","   70"," 2160","    0"," 2073","   15","   72","  458","  199","  259","  435","  331","   36","   36","   32"," 2152","  656"," 1496"," 1137","  566","  103","  468","  962","  649","    0","    9","   81","  223","  979","  264","  327","  388"," 1913","  707","  110","  515","  269","  129","  126","   57","11658","  388","12046",0,0,5.998,0,29,0,0.29,137,1.51,2.347,661,35,0,22.03,11.05
"84","HUILA",2013,1126316," 1569","  738","  533","  205","   22","   71"," 1987","    0"," 1902","    8","   77","  490","  218","  272","  438","  332","   34","   38","   34"," 2390","  714"," 1676"," 1241","  609","  111","  521"," 1429"," 1078","    0","   10","   98","  243"," 1051","  289","  346","  416"," 2092","  782","  118","  562","  300","  133","  136","   61","12687","  273","12960",0,1,6.113,66,0,0,0.304,151,1.549,2.723,443,30,0,24.214,10.995
"85","HUILA",2014,1140539," 1868","  857","  588","  308","   23","   92"," 1675","    0"," 1590","    4","   81","  517","  234","  283","  489","  383","   30","   40","   36"," 2685","  790"," 1895"," 1361","  666","  122","  573"," 1635"," 1267","    0","   10","  101","  257"," 1167","  315","  365","  487"," 2261","  855","  125","  599","  334","  136","  147","   65","13658","  452","14110",0,0,5.073,130,0,0,0.308,122,1.829,2.472,548,24,0,24.224,11.683
"86","MAGDALENA",2010,1201501,"1154","  51"," 602"," 463","  27","  11","  24","   0","   0","   0","  24"," 445"," 295"," 150"," 257"," 169","  30","  30","  28"," 613"," 438"," 175","1083"," 483","  56"," 544"," 796"," 475","   5","  45","  97"," 174"," 774"," 222"," 295"," 257","1776"," 558"," 119"," 523"," 375"," 155","   4","  42","6922"," 538","7460",0,0,510,212,0,0,0.205,287,110,2.026,541,11,0,18.3,5.611
"87","MAGDALENA",2011,1212559,"1239","  79"," 633"," 483","  31","  13","  28","   0","   0","   0","  28"," 458"," 282"," 176"," 281"," 181","  35","  34","  31"," 692"," 491"," 201","1201"," 549","  60"," 592"," 617"," 272","   4","  48"," 109"," 184"," 837"," 244"," 314"," 279","1976"," 642"," 123"," 578"," 421"," 163","   4","  45","7329"," 588","7917",0,0,663,198,0,0,0.266,318,1.067,2.332,533,20,0,23.921,7.778
"88","MAGDALENA",2012,1223875,"1299","  58"," 639"," 549","  38","  15","  35","   0","   1","   0","  34"," 464"," 288"," 176"," 301"," 196","  39","  35","  31"," 947"," 685"," 262","1294"," 556","  70"," 668"," 651"," 272","   3","  54"," 112"," 210"," 896"," 268"," 334"," 294","2132"," 671"," 134"," 632"," 473"," 168","   5","  49","8019"," 542","8561",0,0,2.237,122,0,0,0.289,398,1.362,3.154,614,25,0,26.926,7.739
"89","MAGDALENA",2013,1235532,"1232","  72"," 623"," 483","  40","  14","  39","   0","   0","   0","  39"," 481"," 298"," 183"," 318"," 208","  41","  36","  33","1133"," 895"," 238","1417"," 610","  76"," 731"," 701"," 299","   3","  65"," 112"," 222"," 975"," 296"," 355"," 324","2460"," 817"," 149"," 729"," 524"," 184","   5","  52","8756"," 543","9299",0,0,2.517,201,0,0,0.304,449,1.429,3.281,771,48,0,28.42,8.641
"90","MAGDALENA",2014,1247514,"1351","  82"," 623"," 579","  45","  22","  33","   0","   0","   0","  33"," 515"," 334"," 181"," 328"," 222","  42","  33","  31"," 794"," 572"," 222","1552"," 670","  85"," 797"," 751"," 328","   4","  69"," 114"," 236","1018"," 320"," 375"," 323","2632"," 837"," 163"," 790"," 587"," 194","   5","  56","8974"," 533","9507",0,0,2.749,205,8,0,0.296,507,1.511,3.169,667,43,0,27.968,9.038
"91","META",2010,870921," 1808","   10"," 1110","  654","    8","   26","13228","    0","13183","    0","   45","  634","  371","  263","  247","  153","   45","   25","   24"," 1512","  303"," 1209"," 1057","  651","   89","  317","  836","  394","    5","   21","  168","  248"," 1046","  234","  390","  422"," 1694","  880","  104","  294","  214","  117","   52","   33","22062","  427","22489",0,32,1.753,0,0,0,0.244,733,202,1.659,399,7,0,12.323,8.92
"92","META",2011,888802," 2122","   13"," 1399","  675","    8","   27","23837","    0","23781","    0","   56","  639","  359","  280","  279","  180","   48","   27","   24"," 1935","  372"," 1563"," 1183","  739","   94","  350","  865","  378","    5","   24","  194","  264"," 1145","  272","  420","  453"," 1841","  954","  108","  319","  242","  130","   53","   35","33846","  506","34352",0,27,1.745,0,0,0,0.285,69,1.127,1.691,599,7,0,13.872,11.61
"93","META",2012,906805," 2190","   11"," 1370","  772","    8","   29","26494","    0","26436","    0","   58","  778","  400","  378","  324","  219","   52","   29","   24"," 2104","  501"," 1603"," 1259","  755","  108","  396","  889","  372","    4","   26","  225","  262"," 1283","  322","  451","  510"," 2048"," 1045","  120","  371","  285","  133","   56","   38","37369","  544","37913",0,17,2.485,48,0,0,0.303,714,992,2.114,661,2,0,13.21,13.827
"94","META",2013,924871," 2268","   14"," 1394","  823","    9","   28","28428","    0","28358","    0","   70","  707","  359","  348","  341","  233","   52","   31","   25"," 2628","  916"," 1712"," 1384","  829","  116","  439","  953","  398","    3","   30","  233","  289"," 1369","  351","  479","  539"," 2293"," 1188","  136","  412","  322","  133","   61","   41","40371","  583","40954",199,32,3.705,114,37,0,0.336,269,1.13,2.516,626,3,0,13.266,16.84
"95","META",2014,943072," 2089","   15"," 1543","  486","   10","   35","23751","    0","23680","    0","   71","  729","  382","  347","  360","  250","   49","   33","   28"," 2609","  873"," 1736"," 1512","  896","  129","  487"," 1056","  474","    4","   34","  232","  312"," 1499","  373","  509","  617"," 2526"," 1310","  147","  448","  372","  140","   65","   44","36131","  653","36784",397,125,4.823,111,82,0,0.34,308,1.146,2.531,610,15,0,12.285,17.977
"96","NARIÑO",2010,1639560,"1171"," 158"," 562"," 298","  78","  75","  84","   0","  40","  12","  32"," 415"," 114"," 301"," 169"," 132","   0","  19","  18"," 655"," 401"," 254","1522"," 856","  88"," 578"," 545"," 248","   0","  15","  22"," 260"," 889"," 247"," 386"," 256","2241"," 867","  96"," 644"," 417"," 157","  17","  43","7691"," 396","8087",0,0,3.26,56,20,0,0.182,71,485,2.471,493,85,3,16.82,11.39
"97","NARIÑO",2011,1660062,"1322"," 197"," 656"," 312","  82","  75"," 104","   0","  55","  12","  37"," 451"," 124"," 327"," 181"," 142","   0","  20","  19"," 782"," 490"," 292","1701"," 982","  89"," 630"," 562"," 246","   0","  17","  25"," 274"," 957"," 267"," 411"," 279","2465"," 966","  95"," 726"," 443"," 173","  16","  46","8525"," 482","9007",0,0,4.526,14,0,0,0.214,88,977,2.463,570,41,0,19.294,15.074
"98","NARIÑO",2012,1680795,"1398"," 146"," 740"," 338","  93","  81"," 221","   0","  59"," 124","  38"," 483"," 133"," 350"," 179"," 139","   0","  20","  20"," 882"," 516"," 366","1792"," 980","  99"," 713"," 577"," 240","   0","  15","  22"," 300","1037"," 301"," 436"," 300","2741","1054"," 105"," 820"," 515"," 181","  16","  50","9310"," 497","9807",0,0,5.654,66,0,0,0.222,75,1.063,2.911,591,86,2,19.806,15.787
"99","NARIÑO",2013,1701782," 1480","  187","  769","  342","  102","   80","  174","    0","    3","  126","   45","  508","  137","  371","  177","  136","    0","   21","   20"," 1171","  681","  490"," 1956"," 1055","  108","  793","  621","  259","    0","   17","   26","  319"," 1107","  330","  457","  320"," 3023"," 1171","  117","  894","  569","  200","   19","   53","10217","  497","10714",103,131,4.673,49,73,0,0.228,50,1.625,3.438,606,99,0,18.924,18.111
"100","NARIÑO",2014,1722945," 1556","  216","  777","  366","  103","   94","  237","    0","   18","  169","   50","  517","  145","  372","  182","  143","    1","   20","   18"," 1309","  822","  487"," 2123"," 1136","  118","  869","  667","  284","    0","   21","   28","  334"," 1203","  360","  484","  359"," 3266"," 1282","  127","  953","  621","  206","   20","   57","11060","  552","11612",121,156,5.156,248,188,0,0.236,88,1.792,3.211,835,181,7,19.616,19.451
"101","NORTE DE SANTANDER",2010,1297951,"1091"," 109"," 751"," 208","  19","   4"," 386"," 243"," 120","   0","  23"," 666"," 138"," 528"," 387"," 285","  16","  44","  42"," 743"," 580"," 163","1154"," 621","  64"," 469"," 826"," 386","   0","  29","  33"," 378","1415"," 341"," 753"," 321","2208"," 784"," 140"," 521"," 371"," 329","  22","  41","8876"," 484","9360",0,0,1.724,0,0,0,0.427,7,774,3.897,1.664,44,0,46.997,6.984
"102","NORTE DE SANTANDER",2011,1309265," 1163","  124","  797","  221","   17","    4","  439","  248","  167","    0","   24","  728","  152","  576","  383","  277","   17","   47","   42","  776","  573","  203"," 1282","  702","   69","  511","  858","  396","    0","   30","   35","  397"," 1525","  366","  808","  351"," 2341","  834","  146","  544","  399","  352","   23","   43"," 9495","  591","10086",0,0,1.167,0,0,0,0.463,45,1.962,5.686,1.101,44,0,49.628,9.869
"103","NORTE DE SANTANDER",2012,1320777," 1064","   89","  731","  221","   19","    4","  548","  294","  232","    0","   22","  792","  154","  638","  434","  321","   22","   48","   43","  690","  478","  212"," 1346","  689","   82","  575","  859","  391","    0","   33","   38","  397"," 1633","  402","  862","  369"," 2552","  877","  162","  620","  443","  380","   24","   46"," 9918","  619","10537",0,0,1.24,73,0,0,0.419,34,2.007,8.297,939,65,0,47.539,7.032
"104","NORTE DE SANTANDER",2013,1332378," 1150","  108","  779","  240","   19","    4","  330","  183","  115","    0","   32","  818","  159","  659","  475","  363","   21","   48","   43"," 1150","  809","  341"," 1434","  711","   87","  636","  927","  420","    0","   34","   42","  431"," 1743","  434","  920","  389"," 2817","  982","  178","  671","  499","  413","   25","   49","10844","  630","11474",0,11,3.372,130,0,0,0.456,171,2.295,9.266,993,96,0,47.509,13.212
"105","NORTE DE SANTANDER",2014,1344038," 1251","  114","  871","  240","   21","    5","  374","  208","  130","    0","   36","  804","  152","  652","  486","  367","   18","   52","   49"," 1336"," 1025","  311"," 1539","  748","   97","  694"," 1009","  466","    0","   44","   46","  453"," 1853","  465","  981","  407"," 3054"," 1066","  196","  708","  575","  430","   27","   52","11706","  717","12423",0,9,2.724,196,50,0,0.477,126,2.307,6.858,899,100,0,51.929,12.699
"106","PUTUMAYO",2010,326093," 107","   0","  57","  26","  20","   4","1422","   0","1419","   1","   2","  41","   7","  34","  21","  18","   0","   2","   1","  42","   0","  42"," 183","  66","   7"," 110"," 106","  12","   3","   6","   2","  83"," 116","  48","  38","  30"," 583"," 279","  19"," 168","  85","  24","   0","   8","2621","  61","2682",0,0,0,0,0,0,0.115,0,93,59,73,0,0,3.852,57
"107","PUTUMAYO",2011,329598," 121","   0","  67","  28","  22","   4","2041","   0","2036","   3","   2","  40","   9","  31","  25","  22","   0","   2","   1","  51","   0","  51"," 203","  75","   7"," 121"," 112","  12","   2","   7","   2","  89"," 127","  53","  41","  33"," 624"," 299","  10"," 185","  94","  27","   0","   9","3344","  72","3416",0,0,348,0,0,0,0.125,21,500,57,7,0,0,3.78,652
"108","PUTUMAYO",2012,333247," 129","   0","  70","  31","  24","   4","2015","   0","2011","   2","   2","  43","  10","  33","  28","  25","   0","   2","   1","  55","   0","  55"," 220","  77","   8"," 135"," 112","  12","   3","   7","   2","  88"," 137","  58","  44","  35"," 687"," 325","  14"," 202"," 108","  28","   0","  10","3426","  73","3499",0,0,413,0,0,0,0.11,5,594,168,69,0,0,3.253,662
"109","PUTUMAYO",2013,337054," 125","   0","  61","  33","  27","   4","2674","   0","2671","   1","   2","  38","  11","  27","  30","  27","   0","   2","   1","  58","   0","  58"," 242","  82","   9"," 151"," 122","  13","   3","   9","   2","  95"," 146","  61","  47","  38"," 756"," 367","  14"," 221"," 114","  29","   0","  11","4191","  86","4277",0,0,328,0,0,0,0.102,3,548,126,38,0,0,3.187,560
"110","PUTUMAYO",2014,341034," 133","   1","  59","  39","  29","   5","2466","   0","2463","   1","   2","  38","   9","  29","  35","  31","   1","   2","   1","  76","   0","  76"," 264","  89","  10"," 165"," 130","  14","   4","  10","   2"," 100"," 157","  65","  50","  42"," 815"," 394","  16"," 237"," 127","  30","   0","  11","4114","  93","4207",0,0,444,0,0,0,0.134,4,489,160,11,0,0,4.214,790
"111","QUINDIO",2010,549662," 749"," 218"," 302"," 206","  21","   2","  15","   0","   0","   1","  14"," 281"," 104"," 177"," 138","  73","  18","  25","  22"," 329"," 179"," 150"," 659"," 350","  90"," 219"," 267"," 115","   0","   5","  37"," 110"," 540"," 133"," 215"," 192"," 895"," 363","  57"," 178"," 145"," 111","  21","  20","3873"," 202","4075",0,0,1.715,20,22,0,0.506,252,413,1.839,158,8,0,19.859,5.596
"112","QUINDIO",2011,552755," 777"," 181"," 345"," 227","  22","   2","  24","   0","   0","   0","  24"," 312"," 109"," 203"," 146","  76","  20","  26","  24"," 578"," 401"," 177"," 707"," 374","  95"," 238"," 276"," 113","   0","   6","  42"," 115"," 583"," 140"," 231"," 212"," 941"," 362","  65"," 191"," 154"," 127","  21","  21","4344"," 256","4600",0,0,2.435,197,41,0,0.502,427,1.317,2.233,174,13,0,19.17,6.565
"113","QUINDIO",2012,555836," 726"," 119"," 336"," 242","  27","   2","  37","   0","   0","   2","  35"," 333"," 116"," 217"," 151","  78","  24","  25","  24"," 883"," 626"," 257"," 761"," 386"," 108"," 267"," 298"," 119","   0","   6","  47"," 126"," 631"," 154"," 246"," 231","1041"," 406","  69"," 218"," 171"," 134","  21","  22","4861"," 273","5134",0,0,3.861,200,29,0,0.561,343,1.403,1.954,265,23,0,21.813,6.833
"114","QUINDIO",2013,558969," 736"," 127"," 332"," 243","  32","   2","  34","   0","   0","   1","  33"," 344"," 126"," 218"," 156","  82","  21","  27","  26"," 839"," 586"," 253"," 821"," 412"," 116"," 293"," 315"," 128","   0","   6","  50"," 131"," 669"," 167"," 257"," 245","1139"," 459","  74"," 240"," 190"," 129","  24","  23","5053"," 256","5309",0,1,3.902,233,0,0,0.586,302,1.403,2.618,382,39,2,22.669,7.065
"115","QUINDIO",2014,562114," 777"," 142"," 325"," 270","  37","   3","  33","   0","   0","   1","  32"," 335"," 130"," 205"," 166","  87","  23","  28","  28"," 831"," 515"," 316"," 887"," 440"," 128"," 319"," 338"," 141","   0","   7","  51"," 139"," 734"," 181"," 271"," 282","1254"," 521","  79"," 256"," 211"," 136","  26","  25","5355"," 298","5653",0,2,3.42,259,21,0,0.547,322,1.485,2.55,385,59,2,20.26,7.551
"116","RISARALDA",2010,925117," 785"," 278"," 202"," 242","  59","   4","  38","   0","   0","   1","  37","1113"," 390"," 723"," 247"," 100","  31","  60","  56"," 760"," 585"," 175"," 967"," 427"," 176"," 364"," 617"," 291","   0","  64","  53"," 209","1502"," 298"," 495"," 709","1521"," 527","  93"," 293"," 239"," 253","  46","  70","7550"," 626","8176",841,2.038,14.383,381,870,53,0.424,133,483,2.058,603,142,0,25.635,11.648
"117","RISARALDA",2011,930518," 861"," 316"," 246"," 235","  60","   4","  37","   0","   0","   2","  35","1114"," 385"," 729"," 271"," 105","  35","  69","  62"," 729"," 533"," 196","1059"," 478"," 185"," 396"," 646"," 291","   0","  62","  63"," 230","1611"," 325"," 528"," 758","1597"," 513"," 106"," 317"," 264"," 275","  47","  75","7925"," 716","8641",444,2.112,15.654,287,942,46,0.442,153,1.562,2.24,552,148,1,24.394,15.036
"118","RISARALDA",2012,935910," 805"," 223"," 261"," 253","  64","   4","  43","   0","   0","   7","  36","1194"," 367"," 827"," 277"," 108","  39","  67","  63"," 788"," 539"," 249","1146"," 493"," 208"," 445"," 662"," 289","   0","  43","  66"," 264","1733"," 354"," 560"," 819","1752"," 567"," 117"," 359"," 300"," 281","  48","  80","8400"," 751","9151",464,2.153,15.209,325,926,22,0.454,157,1.987,3.143,798,245,8,24.781,15.625
"119","RISARALDA",2013,941275,"  841","  255","  239","  266","   78","    3","   54","    0","    0","    7","   47"," 1271","  400","  871","  284","  111","   36","   71","   66"," 1114","  848","  266"," 1243","  530","  224","  489","  713","  302","    0","   49","   76","  286"," 1864","  389","  589","  886"," 1930","  639","  126","  393","  338","  296","   53","   85"," 9314","  739","10053",498,2.308,18.161,434,933,43,0.501,180,1.996,3.203,878,207,5,26.938,17.512
"120","RISARALDA",2014,946632,"  917","  288","  263","  282","   79","    5","   58","    0","    0","    8","   50"," 1311","  407","  904","  299","  117","   37","   74","   71"," 1196","  891","  305"," 1354","  575","  246","  533","  780","  332","    0","   70","   80","  298"," 1994","  419","  622","  953"," 2061","  677","  134","  414","  381","  308","   56","   91"," 9970","  881","10851",581,2.581,18.309,441,909,61,0.563,237,1.744,3.809,788,246,10,30.882,18.547
"121","SAN ANDRES Y PROVIDENCIA",2010,73320," 12","  0","  0","  2","  1","  9","  0","  0","  0","  0","  0"," 13","  6","  7"," 38"," 33","  0","  3","  2"," 19","  1"," 18","317","123","  7","187"," 91","  7","  0"," 62","  8"," 14"," 76"," 21"," 10"," 45","187","107","  5"," 23"," 16"," 24","  8","  4","753"," 46","799",0,0,0,0,7,0,0.257,23,0,0,0,0,0,1.713,39
"122","SAN ANDRES Y PROVIDENCIA",2011,73925," 12","  0","  0","  2","  1","  9","  0","  0","  0","  0","  0"," 14","  7","  7"," 40"," 35","  0","  3","  2"," 20","  1"," 19","342","131","  7","204"," 97","  6","  0"," 67","  9"," 15"," 83"," 23"," 10"," 50","210","119","  5"," 26"," 17"," 30","  9","  4","818"," 55","873",0,0,16,0,14,3,0.155,11,124,0,2,12,0,1.071,0
"123","SAN ANDRES Y PROVIDENCIA",2012,74541," 12","  0","  0","  2","  1","  9","  0","  0","  0","  0","  0"," 12","  6","  6"," 42"," 38","  0","  3","  1"," 24","  1"," 23","373","135","  8","230","104","  6","  0"," 74","  8"," 16"," 91"," 26"," 11"," 54","225","127","  5"," 29"," 20"," 31","  9","  4","883"," 59","942",0,0,40,26,12,1,0.174,10,181,18,0,1,0,1.192,55
"124","SAN ANDRES Y PROVIDENCIA",2013,75167,"  13","   0","   0","   3","   1","   9","   0","   0","   0","   0","   0","  15","   7","   8","  44","  40","   0","   3","   1","  27","   2","  25"," 407"," 146","   9"," 252"," 122","   7","   0","  89","   9","  17","  99","  29","  11","  59"," 246"," 146","   5","  29","  22","  30","  10","   4"," 973","  69","1042",0,2,65,0,23,4,0.188,18,107,0,2,4,0,1.277,24
"125","SAN ANDRES Y PROVIDENCIA",2014,75801,"  14","   0","   0","   3","   1","  10","   0","   0","   0","   0","   0","  15","   7","   8","  46","  42","   0","   3","   1","  27","   2","  25"," 433"," 154","   9"," 270"," 135","   8","   0","  98","  11","  18"," 113","  33","  12","  68"," 265"," 162","   6","  30","  25","  28","  10","   4","1048","  85","1133",31,1,47,0,13,7,0.276,0,155,13,19,3,0,1.908,18
"126","SANTANDER",2010,2010393," 2401","  184"," 1273","  869","   42","   33"," 2068","   15"," 1867","    2","  184","10563","  823"," 9740","  733","  413","   75","  127","  118"," 4300"," 1403"," 2897"," 3269"," 2187","  351","  731"," 1937","  941","   45","   49","  161","  741"," 4641","  809"," 2297"," 1535"," 3620"," 1297","  396","  706","  557","  314","   91","  259","33532"," 6451","39983",0,2.154,30.397,1.541,485,78,0.479,1.502,2.025,6.081,2.214,192,9,55.058,39.762
"127","SANTANDER",2011,2020604," 2688","  234"," 1504","  872","   45","   33"," 3129","   28"," 2880","    3","  218","12540","  822","11718","  772","  438","   83","  131","  120"," 5298"," 1690"," 3608"," 3544"," 2377","  372","  795"," 2072"," 1007","   47","   52","  183","  783"," 5047","  883"," 2467"," 1697"," 3945"," 1414","  437","  777","  594","  344","   95","  284","39035"," 7435","46470",50,1.958,32.614,1.308,553,66,0.538,488,5.329,6.803,5.4,260,11,61.495,56.299
"128","SANTANDER",2012,2030775," 2568","  172"," 1403","  910","   48","   35"," 3339","   14"," 3069","    2","  254","13061","  897","12164","  835","  489","   87","  137","  122"," 6471"," 2080"," 4391"," 3727"," 2413","  424","  890"," 2188"," 1076","   35","   52","  196","  829"," 5386","  998"," 2650"," 1738"," 4152"," 1383","  487","  853","  675","  353","   99","  302","41727"," 7673","49400",187,2.439,37.729,2.388,1.382,65,0.541,1.014,6.111,7.602,10.228,415,10,62.125,61.374
"129","SANTANDER",2013,2040932," 2524","  215"," 1347","  876","   51","   35"," 3410","   18"," 3094","    2","  296","12998","  965","12033","  992","  621","   88","  153","  130"," 7652"," 2370"," 5282"," 4040"," 2600","  457","  983"," 2841"," 1640","   40","   59","  211","  891"," 5738"," 1079"," 2806"," 1853"," 4733"," 1743","  531","  923","  742","  368","  107","  319","44928"," 7886","52814",384,2.808,30.564,1.614,1.163,88,0.589,546,6.036,7.973,7.178,423,3,68.337,60.441
"130","SANTANDER",2014,2051022," 2848","  249"," 1549","  949","   56","   45"," 3490","   11"," 3119","    3","  357","15829"," 1020","14809"," 1119","  733","   86","  161","  139"," 9242"," 3210"," 6032"," 4342"," 2775","  496"," 1071"," 3442"," 2138","   45","   67","  239","  953"," 6132"," 1155"," 2991"," 1986"," 4989"," 1751","  574","  983","  838","  387","  115","  341","51433"," 9959","61392",752,2.812,40.157,2.788,1.399,96,0.609,665,6.207,9.276,6.155,354,5,68.259,64.505
"131","SUCRE",2010,810664," 555","   0"," 209"," 303","  13","  30","  36","   0","  24","   0","  12"," 351","  82"," 269"," 181"," 119","  18","  23","  21"," 257"," 143"," 114"," 655"," 350","  27"," 278"," 284","  81","   1","   4","  83"," 115"," 371"," 123"," 139"," 109","1324"," 533","  35"," 383"," 270","  52","  22","  29","4014"," 206","4220",0,0,710,26,0,0,0.17,767,122,1.589,544,1,0,7.539,7.095
"132","SUCRE",2011,818689," 584","   0"," 228"," 312","  13","  31","  43","   0","  30","   0","  13"," 376","  85"," 291"," 196"," 128","  20","  25","  23"," 291"," 166"," 125"," 729"," 398","  29"," 302"," 311","  84","   1","   4"," 100"," 122"," 396"," 133"," 149"," 114","1507"," 602","  40"," 453"," 303","  56","  23","  30","4433"," 243","4676",0,216,691,74,0,0,0.207,132,461,1.422,557,0,0,7.694,10.541
"133","SUCRE",2012,826780," 657","   0"," 266"," 343","  15","  33","  50","   0","  36","   0","  14"," 396","  93"," 303"," 209"," 140","  21","  25","  23"," 362"," 220"," 142"," 776"," 402","  33"," 341"," 331","  82","   1","   3"," 102"," 143"," 430"," 148"," 158"," 124","1700"," 680","  44"," 512"," 348","  60","  24","  32","4911"," 266","5177",0,184,868,49,0,0,0.192,889,515,1.457,543,0,0,6.903,9.984
"134","SUCRE",2013,834937," 655","   0"," 278"," 330","  15","  32","  59","   0","  41","   0","  18"," 423","  99"," 324"," 224"," 149","  24","  26","  25"," 478"," 266"," 212"," 842"," 428","  35"," 379"," 347","  85","   1","   3"," 111"," 147"," 457"," 159"," 166"," 132","1849"," 760","  49"," 522"," 395","  63","  26","  34","5334"," 276","5610",215,116,1.123,44,0,0,0.217,141,528,1.833,644,0,0,7.453,11.883
"135","SUCRE",2014,843202," 659","   0"," 260"," 342","  17","  40","  61","   0","  41","   0","  20"," 403","  97"," 306"," 240"," 162","  25","  28","  25"," 591"," 438"," 153"," 914"," 457","  40"," 417"," 382","  93","   1","   4"," 125"," 159"," 494"," 172"," 176"," 146","2041"," 850","  53"," 565"," 442","  67","  28","  36","5785"," 315","6100",460,242,1.703,3,0,0,0.241,475,454,1.326,250,0,0,8.361,12.67
"136","TOLIMA",2010,1387621," 1755","  458","  959","  292","   23","   23"," 1492","    0"," 1422","   18","   52"," 1010","  321","  689","  345","  222","   45","   40","   38","  843","  446","  397"," 1355","  687","  134","  534","  864","  375","    0","    1","   79","  409"," 1376","  352","  461","  563"," 2427","  993","  126","  520","  345","  340","   47","   56","11467","  613","12080",0,0,4.494,0,0,0,0.256,1.318,1.075,3.499,1.59,56,0,22.605,11.801
"137","TOLIMA",2011,1391876," 2062","  560"," 1131","  320","   24","   27"," 1835","    0"," 1766","   13","   56"," 1155","  350","  805","  373","  249","   46","   41","   37","  918","  479","  439"," 1470","  751","  139","  580","  885","  367","    0","    2","   90","  426"," 1482","  385","  493","  604"," 2660"," 1094","  134","  569","  380","  374","   48","   61","12840","  767","13607",0,0,4.407,0,0,0,0.308,762,2.787,4.113,804,31,1,27.745,13.776
"138","TOLIMA",2012,1396038," 1878","  420"," 1087","  312","   30","   29"," 1981","    0"," 1901","   13","   67"," 1286","  366","  920","  379","  249","   51","   40","   39"," 1101","  577","  524"," 1576","  772","  156","  648","  894","  364","    0","    2","  101","  427"," 1593","  422","  520","  651"," 2949"," 1202","  152","  642","  430","  408","   51","   64","13637","  811","14448",0,0,5.653,45,57,0,0.328,1.396,2.703,5.304,892,153,1,30.064,13.861
"139","TOLIMA",2013,1400140," 2005","  555"," 1076","  314","   31","   29"," 1545","    0"," 1450","    9","   86"," 1383","  417","  966","  418","  277","   57","   43","   41"," 1676","  899","  777"," 1728","  847","  169","  712","  971","  390","    0","    1","  114","  466"," 1699","  455","  549","  695"," 3223"," 1336","  163","  700","  480","  422","   55","   67","14648","  734","15382",347,1,5.826,182,33,0,0.351,1.336,3.141,4.9,991,114,1,32.089,15.609
"140","TOLIMA",2014,1404262," 2220","  634"," 1174","  342","   33","   37"," 1174","    0"," 1073","    6","   95"," 1455","  442"," 1013","  443","  306","   59","   39","   39"," 1932"," 1187","  745"," 1853","  894","  185","  774"," 1047","  435","    0","    2","  127","  483"," 1833","  488","  580","  765"," 3471"," 1446","  177","  748","  528","  441","   59","   72","15428","  964","16392",294,1,6.151,142,28,0,0.378,1.092,3.771,5.017,980,118,1,34.762,15.699
"141","VALLE DEL CAUCA",2010,4383277," 2826","  328"," 1501","  653","   44","  300","  143","    0","    0","   19","  124"," 9019"," 3050"," 5969"," 2045"," 1252","  146","  336","  311"," 2935"," 1474"," 1461"," 6141"," 3778","  733"," 1630"," 3791"," 2041","    4","  194","  336"," 1216","14012"," 2484"," 6751"," 4777"," 7722"," 2644"," 1107"," 1162"," 1168","  848","  313","  480","48634"," 4970","53604",0,3.785,44.586,1.796,2.564,281,0.318,653,2.942,9.465,1.967,552,23,73.254,60.787
"142","VALLE DEL CAUCA",2011,4428675," 3144","  371"," 1756","  680","   46","  291","  149","   14","    0","   10","  125"," 9303"," 3243"," 6060"," 2119"," 1287","  156","  353","  323"," 3120"," 1425"," 1695"," 6837"," 4289","  770"," 1778"," 3931"," 2025","    3","  206","  400"," 1297","15036"," 2689"," 7126"," 5221"," 8416"," 2933"," 1171"," 1249"," 1290","  936","  323","  514","52055"," 5682","57737",0,3.786,46.385,1.744,3.05,348,0.347,1.135,6.893,10.609,2.922,833,38,77.855,69.72
"143","VALLE DEL CAUCA",2012,4474369," 3002","  244"," 1644","  743","   51","  320","  169","    4","    0","   28","  137","10022"," 3283"," 6739"," 2233"," 1344","  167","  385","  337"," 3485"," 1778"," 1707"," 7254"," 4380","  873"," 2001"," 3977"," 1984","    2","  206","  418"," 1367","16256"," 3009"," 7568"," 5679"," 9212"," 3198"," 1247"," 1427"," 1491","  962","  337","  550","55610"," 5863","61473",1.454,4.373,53.111,2.127,3.219,359,0.344,2.021,8.229,11.3,2.883,1.102,36,75.759,72.105
"144","VALLE DEL CAUCA",2013,4520480," 3047","  281"," 1617","  767","   56","  326","  180","    1","    0","   25","  154","10236"," 3353"," 6883"," 2441"," 1442","  192","  433","  374"," 4585"," 2420"," 2165"," 7850"," 4691","  943"," 2216"," 4246"," 2070","    3","  235","  449"," 1489","17272"," 3210"," 8064"," 5998","10076"," 3623"," 1331"," 1513"," 1654"," 1006","  365","  584","59933"," 5664","65597",1.452,3.958,53.923,1.985,3.315,419,0.372,1.816,8.826,12.245,3.301,1.264,44,80.221,78.205
"145","VALLE DEL CAUCA",2014,4566875," 3422","  322"," 1785","  871","   59","  385","  187","    2","    0","   26","  159","10437"," 3493"," 6944"," 2596"," 1519","  213","  461","  403"," 4832"," 2385"," 2447"," 8565"," 5105"," 1036"," 2424"," 4625"," 2274","    3","  262","  503"," 1583","18731"," 3458"," 8589"," 6684","10907"," 3978"," 1419"," 1614"," 1841"," 1035","  393","  627","64302"," 6381","70683",1.61,4.546,54.855,2.197,3.266,444,0.391,1.638,8.964,11.424,2.597,1.235,59,87.651,78.273
"146","VICHADA",2010,63670,"  3","  0","  1","  0","  2","  0","  0","  0","  0","  0","  0","  1","  1","  0","  2","  2","  0","  0","  0"," 10","  0"," 10"," 23","  9","  0"," 14"," 17","  0","  0","  6","  1"," 10","  9","  7","  1","  1"," 70"," 26","  0"," 25","  7","  7","  4","  1","135","  6","141",0,0,0,0,0,0,0.099,0,1,28,0,0,0,673,40
"147","VICHADA",2011,65282,"  3","  0","  1","  0","  2","  0","  0","  0","  0","  0","  0","  1","  1","  0","  2","  2","  0","  0","  0"," 14","  0"," 14"," 25"," 10","  0"," 15"," 17","  0","  0","  5","  1"," 11"," 10","  8","  1","  1"," 80"," 28","  0"," 30","  9","  8","  4","  1","152","  8","160",0,0,0,0,0,0,0.081,21,37,7,2,0,0,569,56
"148","VICHADA",2012,66917,"  6","  0","  4","  0","  2","  0","  0","  0","  0","  0","  0","  1","  1","  0","  2","  2","  0","  0","  0"," 13","  0"," 13"," 27"," 10","  0"," 17"," 16","  0","  0","  5","  0"," 11"," 12"," 10","  1","  1"," 85"," 32","  0"," 29"," 11","  8","  4","  1","162","  8","170",0,0,48,0,0,0,0.114,2,64,11,1,0,0,815,51
"149","VICHADA",2013,68575,"  6","  0","  4","  0","  2","  0","  0","  0","  0","  0","  0","  1","  1","  0","  3","  3","  0","  0","  0"," 14","  0"," 14"," 29"," 11","  0"," 18"," 18","  0","  0","  6","  0"," 12"," 13"," 11","  1","  1"," 94"," 36","  0"," 33"," 12","  7","  5","  1","178"," 11","189",0,0,50,0,0,0,0.101,4,110,17,2,0,0,711,56
"150","VICHADA",2014,70260,"  8","  0","  5","  0","  3","  0","  0","  0","  0","  0","  0","  1","  1","  0","  3","  3","  0","  0","  0"," 16","  0"," 16"," 32"," 12","  0"," 20"," 18","  0","  0","  6","  0"," 12"," 14"," 12","  1","  1","100"," 38","  0"," 35"," 13","  8","  5","  1","192"," 12","204",0,0,44,0,0,0,0.083,0,130,10,15,0,0,588,50
